{"accuracy": [0.6080090999603271, 0.8630058765411377, 0.9151291251182556, 0.9393982291221619, 0.9559854865074158, 0.9644640684127808, 0.9703108072280884, 0.9752044677734375, 0.9801550507545471, 0.981492280960083], "loss": [1.3352380990982056, 0.43236175179481506, 0.2636261284351349, 0.18600286543369293, 0.13782566785812378, 0.10831674933433533, 0.08962219953536987, 0.07458171993494034, 0.061741430312395096, 0.056966885924339294], "val_accuracy": [0.8549396991729736, 0.9035966396331787, 0.9263601303100586, 0.9499203562736511, 0.9616435170173645, 0.9603345990180969, 0.9653425812721252, 0.9578306674957275, 0.957659900188446, 0.9601638913154602], "val_loss": [0.4648486375808716, 0.29325151443481445, 0.22799023985862732, 0.14755167067050934, 0.12072686105966568, 0.12175516039133072, 0.11684736609458923, 0.1358972191810608, 0.14077940583229065, 0.13704761862754822]}